{"cameraMode":{"drawMode":0,"name":"Shaded","section":"Shading Mode"},"sceneLighting":false,"audioPlay":false,"sceneViewState":{"m_AlwaysRefresh":false,"showFog":true,"showSkybox":false,"showFlares":true,"showImageEffects":true,"showParticleSystems":true,"showVisualEffectGraphs":true,"m_FxEnabled":true},"in2DMode":false,"pivot":{"x":-1.4351866245269776,"y":0.5004855394363403,"z":0.07377970963716507},"rotation":{"x":0.20386746525764466,"y":0.16937421262264253,"z":-0.035835351794958118,"w":0.9635717272758484},"size":0.8660253882408142,"orthographic":false}