{"cameraMode":{"drawMode":0,"name":"Shaded","section":"Shading Mode"},"sceneLighting":true,"audioPlay":false,"sceneViewState":{"m_AlwaysRefresh":false,"showFog":true,"showSkybox":true,"showFlares":true,"showImageEffects":true,"showParticleSystems":true,"showVisualEffectGraphs":true,"m_FxEnabled":true},"in2DMode":false,"pivot":{"x":28.056474685668947,"y":53.65765380859375,"z":176.60617065429688},"rotation":{"x":0.01692812703549862,"y":0.9387567639350891,"z":-0.34150880575180056,"w":0.04622122645378113},"size":2.5111281871795656,"orthographic":false}