{"cameraMode":{"drawMode":0,"name":"Shaded","section":"Shading Mode"},"sceneLighting":true,"audioPlay":false,"sceneViewState":{"m_AlwaysRefresh":false,"showFog":true,"showSkybox":true,"showFlares":true,"showImageEffects":true,"showParticleSystems":true,"showVisualEffectGraphs":true,"m_FxEnabled":true},"in2DMode":false,"pivot":{"x":34.43293380737305,"y":-0.7366352677345276,"z":-28.600290298461915},"rotation":{"x":-0.0036972356028854849,"y":0.9936010837554932,"z":-0.0457688570022583,"w":-0.10555356740951538},"size":19.44378662109375,"orthographic":false}