{"cameraMode":{"drawMode":0,"name":"Shaded","section":"Shading Mode"},"sceneLighting":true,"audioPlay":false,"sceneViewState":{"m_AlwaysRefresh":false,"showFog":true,"showSkybox":true,"showFlares":true,"showImageEffects":true,"showParticleSystems":true,"showVisualEffectGraphs":true,"m_FxEnabled":true},"in2DMode":false,"pivot":{"x":42.695274353027347,"y":0.5245379209518433,"z":6.292089939117432},"rotation":{"x":0.07515618205070496,"y":-0.5277596116065979,"z":0.048257362097501758,"w":0.8449478149414063},"size":0.6770506501197815,"orthographic":false}