{"cameraMode":{"drawMode":0,"name":"Shaded","section":"Shading Mode"},"sceneLighting":true,"audioPlay":false,"sceneViewState":{"m_AlwaysRefresh":false,"showFog":true,"showSkybox":true,"showFlares":true,"showImageEffects":true,"showParticleSystems":true,"showVisualEffectGraphs":true,"m_FxEnabled":true},"in2DMode":false,"pivot":{"x":104.43553161621094,"y":-289.7584533691406,"z":154.17367553710938},"rotation":{"x":0.46333420276641848,"y":0.35465142130851748,"z":-0.20941804349422456,"w":0.7846595048904419},"size":180.9822998046875,"orthographic":false}