{"cameraMode":{"drawMode":0,"name":"Shaded","section":"Shading Mode"},"sceneLighting":false,"audioPlay":false,"sceneViewState":{"m_AlwaysRefresh":false,"showFog":true,"showSkybox":false,"showFlares":true,"showImageEffects":true,"showParticleSystems":true,"showVisualEffectGraphs":true,"m_FxEnabled":true},"in2DMode":false,"pivot":{"x":1.154470443725586,"y":0.895885705947876,"z":-1.1552684307098389},"rotation":{"x":0.20386746525764466,"y":0.16937421262264253,"z":-0.035835351794958118,"w":0.9635717272758484},"size":2.0099093914031984,"orthographic":false}