{"cameraMode":{"drawMode":0,"name":"Shaded","section":"Shading Mode"},"sceneLighting":true,"audioPlay":false,"sceneViewState":{"m_AlwaysRefresh":false,"showFog":true,"showSkybox":true,"showFlares":true,"showImageEffects":true,"showParticleSystems":true,"showVisualEffectGraphs":true,"m_FxEnabled":true},"in2DMode":false,"pivot":{"x":7.103233337402344,"y":-0.10836410522460938,"z":59.9710807800293},"rotation":{"x":0.20386746525764466,"y":0.16937421262264253,"z":-0.035835351794958118,"w":0.9635717272758484},"size":30.156633377075197,"orthographic":false}